清单名称,时间,批次,英文名,中文名,性质,制裁原因,来源,备注
外交部反制裁清单,2019-12-02,1,National Endowment for Democracy (NED),美国国家民主基金会,组织,在香港修例风波中表现恶劣,https://www.mfa.gov.cn/fyrbt_673021/jzhsl_673025/201912/t20191202_5418326.shtml,美国NGO
外交部反制裁清单,2019-12-02,1,National Democratic Institute (NDI),美国国际事务民主协会,组织,在香港修例风波中表现恶劣,https://www.mfa.gov.cn/fyrbt_673021/jzhsl_673025/201912/t20191202_5418326.shtml,美国NGO
外交部反制裁清单,2019-12-02,1,International Republican Institute (IRI),美国国际共和研究所,组织,在香港修例风波中表现恶劣,https://www.mfa.gov.cn/fyrbt_673021/jzhsl_673025/201912/t20191202_5418326.shtml,美国NGO
外交部反制裁清单,2019-12-02,1,Human Rights Watch (HRW),人权观察,组织,在香港修例风波中表现恶劣,https://www.mfa.gov.cn/fyrbt_673021/jzhsl_673025/201912/t20191202_5418326.shtml,国际人权NGO
外交部反制裁清单,2019-12-02,1,Freedom House,自由之家,组织,在香港修例风波中表现恶劣,https://www.mfa.gov.cn/fyrbt_673021/jzhsl_673025/201912/t20191202_5418326.shtml,美国NGO
外交部反制裁清单,2020-07-13,2,Congressional-Executive Commission on China (CECC),美国国会-行政部门中国委员会,组织,涉疆问题上表现恶劣,https://www.fmprc.gov.cn/wjb_673085/zzjg_673183/gjs_673893/gjzz_673897/lhgyffz_673913/fyrth_673921/202007/t20200713_7658904.shtml,美国国会机构
外交部反制裁清单,2020-07-13,2,Sam Brownback,布朗巴克,个人,涉疆问题上表现恶劣,https://www.fmprc.gov.cn/wjb_673085/zzjg_673183/gjs_673893/gjzz_673897/lhgyffz_673913/fyrth_673921/202007/t20200713_7658904.shtml,美国宗教自由大使
外交部反制裁清单,2020-07-13,2,Marco Rubio,鲁比欧,个人,涉疆问题上表现恶劣,https://www.fmprc.gov.cn/wjb_673085/zzjg_673183/gjs_673893/gjzz_673897/lhgyffz_673913/fyrth_673921/202007/t20200713_7658904.shtml,美国参议员
外交部反制裁清单,2020-07-13,2,Ted Cruz,克鲁兹,个人,涉疆问题上表现恶劣,https://www.fmprc.gov.cn/wjb_673085/zzjg_673183/gjs_673893/gjzz_673897/lhgyffz_673913/fyrth_673921/202007/t20200713_7658904.shtml,美国参议员
外交部反制裁清单,2020-07-13,2,Chris Smith,史密斯,个人,涉疆问题上表现恶劣,https://www.fmprc.gov.cn/wjb_673085/zzjg_673183/gjs_673893/gjzz_673897/lhgyffz_673913/fyrth_673921/202007/t20200713_7658904.shtml,美国众议员
外交部反制裁清单,2020-07-14,3,Lockheed Martin Corporation,洛克希德·马丁公司,企业,参与对台军售,https://www.fmprc.gov.cn/web/fyrbt_673021/jzhsl_673025/202007/t20200714_5419120.shtml,军工企业
外交部反制裁清单,2020-08-10,4,Marco Rubio,卢比奥,个人,涉港问题上表现恶劣,https://www.fmprc.gov.cn/fyrbt_673021/jzhsl_673025/202008/t20200810_5419215.shtml,美国参议员
外交部反制裁清单,2020-08-10,4,Ted Cruz,克鲁兹,个人,涉港问题上表现恶劣,https://www.fmprc.gov.cn/fyrbt_673021/jzhsl_673025/202008/t20200810_5419215.shtml,美国参议员
外交部反制裁清单,2020-08-10,4,Josh Hawley,霍利,个人,涉港问题上表现恶劣,https://www.fmprc.gov.cn/fyrbt_673021/jzhsl_673025/202008/t20200810_5419215.shtml,美国参议员
外交部反制裁清单,2020-08-10,4,Tom Cotton,科顿,个人,涉港问题上表现恶劣,https://www.fmprc.gov.cn/fyrbt_673021/jzhsl_673025/202008/t20200810_5419215.shtml,美国参议员
外交部反制裁清单,2020-08-10,4,Pat Toomey,图米,个人,涉港问题上表现恶劣,https://www.fmprc.gov.cn/fyrbt_673021/jzhsl_673025/202008/t20200810_5419215.shtml,美国参议员
外交部反制裁清单,2020-08-10,4,Chris Smith,史密斯,个人,涉港问题上表现恶劣,https://www.fmprc.gov.cn/fyrbt_673021/jzhsl_673025/202008/t20200810_5419215.shtml,美国众议员
外交部反制裁清单,2020-08-10,4,Carl Gershman,格什曼,个人,涉港问题上表现恶劣,https://www.fmprc.gov.cn/fyrbt_673021/jzhsl_673025/202008/t20200810_5419215.shtml,NED创始人
外交部反制裁清单,2020-08-10,4,Derek Mitchell,米德伟,个人,涉港问题上表现恶劣,https://www.fmprc.gov.cn/fyrbt_673021/jzhsl_673025/202008/t20200810_5419215.shtml,NDI主席
外交部反制裁清单,2020-08-10,4,Daniel Twining,特温宁,个人,涉港问题上表现恶劣,https://www.fmprc.gov.cn/fyrbt_673021/jzhsl_673025/202008/t20200810_5419215.shtml,IRI主席
外交部反制裁清单,2020-08-10,4,Kenneth Roth,罗斯,个人,涉港问题上表现恶劣,https://www.fmprc.gov.cn/fyrbt_673021/jzhsl_673025/202008/t20200810_5419215.shtml,人权观察执行主任
外交部反制裁清单,2020-08-10,4,Michael Abramowitz,阿布拉莫维茨,个人,涉港问题上表现恶劣,https://www.fmprc.gov.cn/fyrbt_673021/jzhsl_673025/202008/t20200810_5419215.shtml,自由之家主席
外交部反制裁清单,2020-10-26,5,"Boeing Defense, Space & Security",波音防务、空间与安全,企业,参与对台军售,https://www.fmprc.gov.cn/fyrbt_673021/jzhsl_673025/202010/t20201026_5419454.shtml,军工企业
外交部反制裁清单,2020-10-26,5,Raytheon Corporation,雷神公司,企业,参与对台军售,https://www.fmprc.gov.cn/fyrbt_673021/jzhsl_673025/202010/t20201026_5419454.shtml,军工企业
外交部反制裁清单,2020-11-30,6,John Knaus,约翰·克瑙斯,个人,涉港NED/NDI相关人员,https://www.fmprc.gov.cn/fyrbt_673021/jzhsl_673025/202011/t20201130_5419580.shtml,NED亚洲事务主任
外交部反制裁清单,2020-11-30,6,Manpreet Singh Anand,阿南德,个人,涉港NED/NDI相关人员,https://www.fmprc.gov.cn/fyrbt_673021/jzhsl_673025/202011/t20201130_5419580.shtml,NDI亚洲项目负责人
外交部反制裁清单,2020-11-30,6,Crystal Rosario,罗萨里奥,个人,涉港NED/NDI相关人员,https://www.fmprc.gov.cn/fyrbt_673021/jzhsl_673025/202011/t20201130_5419580.shtml,NDI香港分部主任
外交部反制裁清单,2020-11-30,6,Kelvin Sit Tak-O,薛德敖,个人,涉港NED/NDI相关人员,https://www.fmprc.gov.cn/fyrbt_673021/jzhsl_673025/202011/t20201130_5419580.shtml,NDI香港项目主任
外交部反制裁清单,2021-01-21,7,Mike Pompeo,蓬佩奥,个人,严重侵犯中国主权,https://www.fmprc.gov.cn/web/wjdt_674879/zcjd/202101/t20210121_7943959.shtml,前国务卿
外交部反制裁清单,2021-01-21,7,Peter Navarro,纳瓦罗,个人,严重侵犯中国主权,https://www.fmprc.gov.cn/web/wjdt_674879/zcjd/202101/t20210121_7943959.shtml,前白宫贸易顾问
外交部反制裁清单,2021-01-21,7,Robert C. O'Brien,奥布莱恩,个人,严重侵犯中国主权,https://www.fmprc.gov.cn/web/wjdt_674879/zcjd/202101/t20210121_7943959.shtml,前国安顾问
外交部反制裁清单,2021-01-21,7,David R. Stilwell,史达伟,个人,严重侵犯中国主权,https://www.fmprc.gov.cn/web/wjdt_674879/zcjd/202101/t20210121_7943959.shtml,前助理国务卿
外交部反制裁清单,2021-01-21,7,Matt Pottinger,博明,个人,严重侵犯中国主权,https://www.fmprc.gov.cn/web/wjdt_674879/zcjd/202101/t20210121_7943959.shtml,前副国安顾问
外交部反制裁清单,2021-01-21,7,Alex Azar,阿扎尔,个人,严重侵犯中国主权,https://www.fmprc.gov.cn/web/wjdt_674879/zcjd/202101/t20210121_7943959.shtml,前卫生部长
外交部反制裁清单,2021-01-21,7,Keith J. Krach,克拉奇,个人,严重侵犯中国主权,https://www.fmprc.gov.cn/web/wjdt_674879/zcjd/202101/t20210121_7943959.shtml,前副国务卿
外交部反制裁清单,2021-01-21,7,Kelly Craft,克拉夫特,个人,严重侵犯中国主权,https://www.fmprc.gov.cn/web/wjdt_674879/zcjd/202101/t20210121_7943959.shtml,前驻联合国大使
外交部反制裁清单,2021-01-21,7,John Bolton,博尔顿,个人,严重侵犯中国主权,https://www.fmprc.gov.cn/web/wjdt_674879/zcjd/202101/t20210121_7943959.shtml,前国安顾问
外交部反制裁清单,2021-01-21,7,Steve Bannon,班农,个人,严重侵犯中国主权,https://www.fmprc.gov.cn/web/wjdt_674879/zcjd/202101/t20210121_7943959.shtml,前白宫首席策略师
外交部反制裁清单,2021-01-21,7,未公布(1),未公布,个人,严重侵犯中国主权,https://www.fmprc.gov.cn/web/wjdt_674879/zcjd/202101/t20210121_7943959.shtml,未公布
外交部反制裁清单,2021-01-21,7,未公布(2),未公布,个人,严重侵犯中国主权,https://www.fmprc.gov.cn/web/wjdt_674879/zcjd/202101/t20210121_7943959.shtml,未公布
外交部反制裁清单,2021-01-21,7,未公布(3),未公布,个人,严重侵犯中国主权,https://www.fmprc.gov.cn/web/wjdt_674879/zcjd/202101/t20210121_7943959.shtml,未公布
外交部反制裁清单,2021-01-21,7,未公布(4),未公布,个人,严重侵犯中国主权,https://www.fmprc.gov.cn/web/wjdt_674879/zcjd/202101/t20210121_7943959.shtml,未公布
外交部反制裁清单,2021-01-21,7,未公布(5),未公布,个人,严重侵犯中国主权,https://www.fmprc.gov.cn/web/wjdt_674879/zcjd/202101/t20210121_7943959.shtml,未公布
外交部反制裁清单,2021-01-21,7,未公布(6),未公布,个人,严重侵犯中国主权,https://www.fmprc.gov.cn/web/wjdt_674879/zcjd/202101/t20210121_7943959.shtml,未公布
外交部反制裁清单,2021-01-21,7,未公布(7),未公布,个人,严重侵犯中国主权,https://www.fmprc.gov.cn/web/wjdt_674879/zcjd/202101/t20210121_7943959.shtml,未公布
外交部反制裁清单,2021-01-21,7,未公布(8),未公布,个人,严重侵犯中国主权,https://www.fmprc.gov.cn/web/wjdt_674879/zcjd/202101/t20210121_7943959.shtml,未公布
外交部反制裁清单,2021-01-21,7,未公布(9),未公布,个人,严重侵犯中国主权,https://www.fmprc.gov.cn/web/wjdt_674879/zcjd/202101/t20210121_7943959.shtml,未公布
外交部反制裁清单,2021-01-21,7,未公布(10),未公布,个人,严重侵犯中国主权,https://www.fmprc.gov.cn/web/wjdt_674879/zcjd/202101/t20210121_7943959.shtml,未公布
外交部反制裁清单,2021-01-21,7,未公布(11),未公布,个人,严重侵犯中国主权,https://www.fmprc.gov.cn/web/wjdt_674879/zcjd/202101/t20210121_7943959.shtml,未公布
外交部反制裁清单,2021-01-21,7,未公布(12),未公布,个人,严重侵犯中国主权,https://www.fmprc.gov.cn/web/wjdt_674879/zcjd/202101/t20210121_7943959.shtml,未公布
外交部反制裁清单,2021-01-21,7,未公布(13),未公布,个人,严重侵犯中国主权,https://www.fmprc.gov.cn/web/wjdt_674879/zcjd/202101/t20210121_7943959.shtml,未公布
外交部反制裁清单,2021-01-21,7,未公布(14),未公布,个人,严重侵犯中国主权,https://www.fmprc.gov.cn/web/wjdt_674879/zcjd/202101/t20210121_7943959.shtml,未公布
外交部反制裁清单,2021-01-21,7,未公布(15),未公布,个人,严重侵犯中国主权,https://www.fmprc.gov.cn/web/wjdt_674879/zcjd/202101/t20210121_7943959.shtml,未公布
外交部反制裁清单,2021-01-21,7,未公布(16),未公布,个人,严重侵犯中国主权,https://www.fmprc.gov.cn/web/wjdt_674879/zcjd/202101/t20210121_7943959.shtml,未公布
外交部反制裁清单,2021-01-21,7,未公布(17),未公布,个人,严重侵犯中国主权,https://www.fmprc.gov.cn/web/wjdt_674879/zcjd/202101/t20210121_7943959.shtml,未公布
外交部反制裁清单,2021-01-21,7,未公布(18),未公布,个人,严重侵犯中国主权,https://www.fmprc.gov.cn/web/wjdt_674879/zcjd/202101/t20210121_7943959.shtml,未公布
外交部反制裁清单,2021-03-22,8,Reinhard Bütikofer,待查,个人,反制欧盟涉疆制裁,https://www.fmprc.gov.cn/fyrbt_673021/dhdw_673027/202103/t20210322_9171336.shtml,欧洲议会议员
外交部反制裁清单,2021-03-22,8,Michael Gahler,待查,个人,反制欧盟涉疆制裁,https://www.fmprc.gov.cn/fyrbt_673021/dhdw_673027/202103/t20210322_9171336.shtml,欧洲议会议员
外交部反制裁清单,2021-03-22,8,Raphaël Glucksmann,待查,个人,反制欧盟涉疆制裁,https://www.fmprc.gov.cn/fyrbt_673021/dhdw_673027/202103/t20210322_9171336.shtml,欧洲议会议员
外交部反制裁清单,2021-03-22,8,Ilhan Kyuchyuk,待查,个人,反制欧盟涉疆制裁,https://www.fmprc.gov.cn/fyrbt_673021/dhdw_673027/202103/t20210322_9171336.shtml,欧洲议会议员
外交部反制裁清单,2021-03-22,8,Miriam Lexmann,待查,个人,反制欧盟涉疆制裁,https://www.fmprc.gov.cn/fyrbt_673021/dhdw_673027/202103/t20210322_9171336.shtml,欧洲议会议员
外交部反制裁清单,2021-03-22,8,Sjoerd Sjoerdsma,待查,个人,反制欧盟涉疆制裁,https://www.fmprc.gov.cn/fyrbt_673021/dhdw_673027/202103/t20210322_9171336.shtml,荷兰众议员
外交部反制裁清单,2021-03-22,8,Samuel Cogolati,待查,个人,反制欧盟涉疆制裁,https://www.fmprc.gov.cn/fyrbt_673021/dhdw_673027/202103/t20210322_9171336.shtml,比利时众议员
外交部反制裁清单,2021-03-22,8,Dovilė Šakalienė,待查,个人,反制欧盟涉疆制裁,https://www.fmprc.gov.cn/fyrbt_673021/dhdw_673027/202103/t20210322_9171336.shtml,立陶宛议员
外交部反制裁清单,2021-03-22,8,Adrian Zenz,郑国恩,个人,反制欧盟涉疆制裁,https://www.fmprc.gov.cn/fyrbt_673021/dhdw_673027/202103/t20210322_9171336.shtml,德国学者
外交部反制裁清单,2021-03-22,8,Björn Fredrik Jerdén,待查,个人,反制欧盟涉疆制裁,https://www.fmprc.gov.cn/fyrbt_673021/dhdw_673027/202103/t20210322_9171336.shtml,瑞典学者
外交部反制裁清单,2021-03-22,8,Political and Security Committee (EU),欧盟政治与安全委员会,组织,反制欧盟涉疆制裁,https://www.fmprc.gov.cn/fyrbt_673021/dhdw_673027/202103/t20210322_9171336.shtml,欧盟机构
外交部反制裁清单,2021-03-22,8,European Parliament Subcommittee on Human Rights,欧洲议会人权分委会,组织,反制欧盟涉疆制裁,https://www.fmprc.gov.cn/fyrbt_673021/dhdw_673027/202103/t20210322_9171336.shtml,欧盟机构
外交部反制裁清单,2021-03-22,8,Mercator Institute for China Studies (MERICS),墨卡托中国研究中心,组织,反制欧盟涉疆制裁,https://www.fmprc.gov.cn/fyrbt_673021/dhdw_673027/202103/t20210322_9171336.shtml,德国智库
外交部反制裁清单,2021-03-22,8,Alliance of Democracies Foundation,民主联盟基金会,组织,反制欧盟涉疆制裁,https://www.fmprc.gov.cn/fyrbt_673021/dhdw_673027/202103/t20210322_9171336.shtml,丹麦NGO
外交部反制裁清单,2021-03-26,9,Tom Tugendhat,待查,个人,反制英国涉疆制裁,https://www.fmprc.gov.cn/fyrbt_673021/dhdw_673027/202103/t20210326_9171337.shtml,英国议员
外交部反制裁清单,2021-03-26,9,Iain Duncan Smith,待查,个人,反制英国涉疆制裁,https://www.fmprc.gov.cn/fyrbt_673021/dhdw_673027/202103/t20210326_9171337.shtml,英国议员
外交部反制裁清单,2021-03-26,9,Neil O'Brien,待查,个人,反制英国涉疆制裁,https://www.fmprc.gov.cn/fyrbt_673021/dhdw_673027/202103/t20210326_9171337.shtml,英国议员
外交部反制裁清单,2021-03-26,9,David Alton,待查,个人,反制英国涉疆制裁,https://www.fmprc.gov.cn/fyrbt_673021/dhdw_673027/202103/t20210326_9171337.shtml,英国上议员
外交部反制裁清单,2021-03-26,9,Tim Loughton,待查,个人,反制英国涉疆制裁,https://www.fmprc.gov.cn/fyrbt_673021/dhdw_673027/202103/t20210326_9171337.shtml,英国议员
外交部反制裁清单,2021-03-26,9,Nus Ghani,待查,个人,反制英国涉疆制裁,https://www.fmprc.gov.cn/fyrbt_673021/dhdw_673027/202103/t20210326_9171337.shtml,英国议员
外交部反制裁清单,2021-03-26,9,Helena Kennedy,待查,个人,反制英国涉疆制裁,https://www.fmprc.gov.cn/fyrbt_673021/dhdw_673027/202103/t20210326_9171337.shtml,英国上议员
外交部反制裁清单,2021-03-26,9,Geoffrey Nice,待查,个人,反制英国涉疆制裁,https://www.fmprc.gov.cn/fyrbt_673021/dhdw_673027/202103/t20210326_9171337.shtml,英国律师
外交部反制裁清单,2021-03-26,9,Joanne Smith-Finley,待查,个人,反制英国涉疆制裁,https://www.fmprc.gov.cn/fyrbt_673021/dhdw_673027/202103/t20210326_9171337.shtml,英国学者
外交部反制裁清单,2021-03-26,9,China Research Group,中国研究小组,组织,反制英国涉疆制裁,https://www.fmprc.gov.cn/fyrbt_673021/dhdw_673027/202103/t20210326_9171337.shtml,英国议会团体
外交部反制裁清单,2021-03-26,9,Conservative Party Human Rights Commission,保守党人权委员会,组织,反制英国涉疆制裁,https://www.fmprc.gov.cn/fyrbt_673021/dhdw_673027/202103/t20210326_9171337.shtml,英国政党人权组织
外交部反制裁清单,2021-03-26,9,Uyghur Tribunal,维吾尔特别法庭,组织,反制英国涉疆制裁,https://www.fmprc.gov.cn/fyrbt_673021/dhdw_673027/202103/t20210326_9171337.shtml,英国民间法庭
外交部反制裁清单,2021-03-26,9,Essex Court Chambers,待查,组织,反制英国涉疆制裁,https://www.fmprc.gov.cn/fyrbt_673021/dhdw_673027/202103/t20210326_9171337.shtml,英国律师事务所
外交部反制裁清单,2021-03-27,10,Gayle Conelly Manchin,待查,个人,反制美加涉疆制裁,https://www.fmprc.gov.cn/web/wjdt_674879/zcjd/202103/t20210327_9180646.shtml,USCIRF主席
外交部反制裁清单,2021-03-27,10,Tony Perkins,待查,个人,反制美加涉疆制裁,https://www.fmprc.gov.cn/web/wjdt_674879/zcjd/202103/t20210327_9180646.shtml,USCIRF副主席
外交部反制裁清单,2021-03-27,10,Michael Chong,庄文浩,个人,反制美加涉疆制裁,https://www.fmprc.gov.cn/web/wjdt_674879/zcjd/202103/t20210327_9180646.shtml,加拿大议员
外交部反制裁清单,2021-03-27,10,Subcommittee on International Human Rights (Canada),加拿大众议院国际人权小组委员会,组织,反制美加涉疆制裁,https://www.fmprc.gov.cn/web/wjdt_674879/zcjd/202103/t20210327_9180646.shtml,加拿大国会机构
外交部反制裁清单,2021-04-17,11,Jónas Haraldsson,待查,个人,涉疆问题上表现恶劣,https://www.fmprc.gov.cn/web/wjb_673085/zzjg_673183/gjs_673893/gjzz_673897/lhgyffz_673913/fyrth_673921/202104/t20210416_9176113.shtml,冰岛律师
外交部反制裁清单,2021-05-26,12,Johnnie Moore Jr.,待查,个人,涉疆问题上表现恶劣,https://www.fmprc.gov.cn/wjb_673085/zzjg_673183/gjs_673893/gjzz_673897/lhgyffz_673913/fyrth_673921/202105/t20210526_9176142.shtml,USCIRF委员
外交部反制裁清单,2021-07-23,13,Wilbur Ross,罗斯,个人,涉港问题上表现恶劣,https://www.fmprc.gov.cn/web/wjdt_674879/fyrbt_674889/202107/t20210723_9177405.shtml,前商务部长
外交部反制裁清单,2021-07-23,13,Carolyn Bartholomew,待查,个人,涉港问题上表现恶劣,https://www.fmprc.gov.cn/web/wjdt_674879/fyrbt_674889/202107/t20210723_9177405.shtml,美中经安会主席
外交部反制裁清单,2021-07-23,13,Jonathan N. Stivers,待查,个人,涉港问题上表现恶劣,https://www.fmprc.gov.cn/web/wjdt_674879/fyrbt_674889/202107/t20210723_9177405.shtml,CECC前主任
外交部反制裁清单,2021-07-23,13,Doyun Kim,待查,个人,涉港问题上表现恶劣,https://www.fmprc.gov.cn/web/wjdt_674879/fyrbt_674889/202107/t20210723_9177405.shtml,NDI工作人员
外交部反制裁清单,2021-07-23,13,Adam J. King,待查,个人,涉港问题上表现恶劣,https://www.fmprc.gov.cn/web/wjdt_674879/fyrbt_674889/202107/t20210723_9177405.shtml,IRI驻港代表
外交部反制裁清单,2021-07-23,13,Sophie Richardson,待查,个人,涉港问题上表现恶劣,https://www.fmprc.gov.cn/web/wjdt_674879/fyrbt_674889/202107/t20210723_9177405.shtml,人权观察中国主任
外交部反制裁清单,2021-07-23,13,Hong Kong Democracy Council,香港民主委员会,组织,涉港问题上表现恶劣,https://www.fmprc.gov.cn/web/wjdt_674879/fyrbt_674889/202107/t20210723_9177405.shtml,美国涉港NGO
外交部反制裁清单,2021-12-21,14,Nadine Maenza,待查,个人,涉疆问题上表现恶劣,https://www.fmprc.gov.cn/web/wjdt_674879/fyrbt_674889/202112/t20211221_10473728.shtml,USCIRF主席
外交部反制裁清单,2021-12-21,14,Nury Turkel,待查,个人,涉疆问题上表现恶劣,https://www.fmprc.gov.cn/web/wjdt_674879/fyrbt_674889/202112/t20211221_10473728.shtml,USCIRF副主席
外交部反制裁清单,2021-12-21,14,Anurima Bhargava,待查,个人,涉疆问题上表现恶劣,https://www.fmprc.gov.cn/web/wjdt_674879/fyrbt_674889/202112/t20211221_10473728.shtml,USCIRF委员
外交部反制裁清单,2021-12-21,14,James W. Carr,待查,个人,涉疆问题上表现恶劣,https://www.fmprc.gov.cn/web/wjdt_674879/fyrbt_674889/202112/t20211221_10473728.shtml,USCIRF委员
外交部反制裁清单,2021-12-30,15,Wilbur Ross,罗斯,个人,加重涉港制裁措施,https://www.fmprc.gov.cn/web/wjdt_674879/fyrbt_674889/202112/t20211230_10477521.shtml,前商务部长
外交部反制裁清单,2021-12-30,15,Carolyn Bartholomew,待查,个人,加重涉港制裁措施,https://www.fmprc.gov.cn/web/wjdt_674879/fyrbt_674889/202112/t20211230_10477521.shtml,美中经安会主席
外交部反制裁清单,2021-12-30,15,Jonathan N. Stivers,待查,个人,加重涉港制裁措施,https://www.fmprc.gov.cn/web/wjdt_674879/fyrbt_674889/202112/t20211230_10477521.shtml,CECC前主任
外交部反制裁清单,2021-12-30,15,Doyun Kim,待查,个人,加重涉港制裁措施,https://www.fmprc.gov.cn/web/wjdt_674879/fyrbt_674889/202112/t20211230_10477521.shtml,NDI工作人员
外交部反制裁清单,2021-12-30,15,Adam J. King,待查,个人,加重涉港制裁措施,https://www.fmprc.gov.cn/web/wjdt_674879/fyrbt_674889/202112/t20211230_10477521.shtml,IRI驻港代表
外交部反制裁清单,2022-08-05,16,Nancy Pelosi,佩洛西,个人,佩洛西窜台,https://www.fmprc.gov.cn/fyrbt_673021/dhdw_673027/202208/t20220805_10735491.shtml,前众议院议长
外交部反制裁清单,2022-08-12,17,Agnė Vaiciukevičiūtė,待查,个人,涉台问题上表现恶劣,https://www.fmprc.gov.cn/web/fyrbt_673021/dhdw_673027/202208/t20220812_10742446.shtml,立陶宛交通副部长
外交部反制裁清单,2022-09-16,18,Gregory J. Hayes,待查,个人,参与对台军售,https://www.fmprc.gov.cn/fyrbt_673021/jzhsl_673025/202209/t20220916_10767035.shtml,雷神CEO
外交部反制裁清单,2022-09-16,18,Ted Colbert,待查,个人,参与对台军售,https://www.fmprc.gov.cn/fyrbt_673021/jzhsl_673025/202209/t20220916_10767035.shtml,波音防务总裁
外交部反制裁清单,2022-12-23,19,Miles Yu,余茂春,个人,涉疆涉港问题上表现恶劣,https://www.fmprc.gov.cn/wjdt_674879/fyrbt_674889/202212/t20221223_10994373.shtml,哈德逊研究所学者
外交部反制裁清单,2022-12-23,19,Todd Stein,待查,个人,涉疆涉港问题上表现恶劣,https://www.fmprc.gov.cn/wjdt_674879/fyrbt_674889/202212/t20221223_10994373.shtml,CECC副主任
外交部反制裁清单,2023-04-07,20,Sarah May Stern,待查,个人,蔡英文窜美相关,https://www.fmprc.gov.cn/wjb_673085/zfxxgk_674865/gknrlb/fzcqdcs/202304/t20230407_11055802.shtml,哈德逊研究所主席
外交部反制裁清单,2023-04-07,20,John P. Walters,待查,个人,蔡英文窜美相关,https://www.fmprc.gov.cn/wjb_673085/zfxxgk_674865/gknrlb/fzcqdcs/202304/t20230407_11055802.shtml,哈德逊研究所所长
外交部反制裁清单,2023-04-07,20,John Heubusch,待查,个人,蔡英文窜美相关,https://www.fmprc.gov.cn/wjb_673085/zfxxgk_674865/gknrlb/fzcqdcs/202304/t20230407_11055802.shtml,里根图书馆前主任
外交部反制裁清单,2023-04-07,20,Joanne M. Drake,待查,个人,蔡英文窜美相关,https://www.fmprc.gov.cn/wjb_673085/zfxxgk_674865/gknrlb/fzcqdcs/202304/t20230407_11055802.shtml,里根图书馆CEO
外交部反制裁清单,2023-04-07,20,Hudson Institute,哈德逊研究所,组织,蔡英文窜美相关,https://www.fmprc.gov.cn/wjb_673085/zfxxgk_674865/gknrlb/fzcqdcs/202304/t20230407_11055802.shtml,美国智库
外交部反制裁清单,2023-04-07,20,Ronald Reagan Presidential Library,里根总统图书馆,组织,蔡英文窜美相关,https://www.fmprc.gov.cn/wjb_673085/zfxxgk_674865/gknrlb/fzcqdcs/202304/t20230407_11055802.shtml,美国总统图书馆
外交部反制裁清单,2023-04-13,21,Michael McCaul,麦考尔,个人,蔡英文窜美相关,待补录,美国众议员
外交部反制裁清单,2023-09-15,22,"Lockheed Martin, St. Louis Branch",洛克希德·马丁圣路易斯分公司,企业,参与对台军售,https://www.fmprc.gov.cn/fyrbt_673021/202309/t20230915_11143550.shtml,军工企业
外交部反制裁清单,2023-09-15,22,Northrop Grumman,诺斯罗普·格鲁曼,企业,参与对台军售,https://www.fmprc.gov.cn/fyrbt_673021/202309/t20230915_11143550.shtml,军工企业
外交部反制裁清单,2023-12-26,23,Kharon,凯龙公司,企业,涉疆问题上表现恶劣,https://www.fmprc.gov.cn/fyrbt_673021/jzhsl_673025/202312/t20231226_11213135.shtml,数据情报企业
外交部反制裁清单,2023-12-26,23,Edmund Xu,待查,个人,涉疆问题上表现恶劣,https://www.fmprc.gov.cn/fyrbt_673021/jzhsl_673025/202312/t20231226_11213135.shtml,凯龙公司调查主任
外交部反制裁清单,2023-12-26,23,Nicole Morgret,待查,个人,涉疆问题上表现恶劣,https://www.fmprc.gov.cn/fyrbt_673021/jzhsl_673025/202312/t20231226_11213135.shtml,CADS研究员
外交部反制裁清单,2024-01-07,24,BAE Systems Land and Armament,BAE系统陆战与武器,企业,参与对台军售,https://www.fmprc.gov.cn/fyrbt_673021/dhdw_673027/202401/t20240107_11219408.shtml,军工企业
外交部反制裁清单,2024-01-07,24,Alliant Techsystems Operation,阿连特技术系统,企业,参与对台军售,https://www.fmprc.gov.cn/fyrbt_673021/dhdw_673027/202401/t20240107_11219408.shtml,军工企业
外交部反制裁清单,2024-01-07,24,AeroVironment,航境无人机,企业,参与对台军售,https://www.fmprc.gov.cn/fyrbt_673021/dhdw_673027/202401/t20240107_11219408.shtml,军工企业
外交部反制裁清单,2024-01-07,24,ViaSat,维尔萨特,企业,参与对台军售,https://www.fmprc.gov.cn/fyrbt_673021/dhdw_673027/202401/t20240107_11219408.shtml,军工企业
外交部反制裁清单,2024-01-07,24,Data Link Solutions,数据链解决方案公司,企业,参与对台军售,https://www.fmprc.gov.cn/fyrbt_673021/dhdw_673027/202401/t20240107_11219408.shtml,军工企业
外交部反制裁清单,2024-04-11,25,General Dynamics Land Systems,通用动力陆地系统,企业,参与对台军售,https://www.fmprc.gov.cn/web/wjb_673085/zfxxgk_674865/gknrlb/fzcqdcs/202404/t20240411_11280056.shtml,军工企业
外交部反制裁清单,2024-04-11,25,General Atomics Aeronautical Systems (GA-ASI),通用原子航空系统,企业,参与对台军售,https://www.fmprc.gov.cn/web/wjb_673085/zfxxgk_674865/gknrlb/fzcqdcs/202404/t20240411_11280056.shtml,军工企业
外交部反制裁清单,2024-05-21,26,Mike Gallagher,加拉格尔,个人,涉台问题上表现恶劣,https://www.fmprc.gov.cn/wjbxw_new/202405/t20240521_11308990.shtml,前美国众议员
外交部反制裁清单,2024-05-22,27,Lockheed Martin Missiles and Fire Control,洛马导弹与火控,企业,参与对台军售,https://www.fmprc.gov.cn/wjbxw_new/202405/t20240522_11309756.shtml,军工企业
外交部反制裁清单,2024-05-22,27,Lockheed Martin Aeronautics,洛马航空,企业,参与对台军售,https://www.fmprc.gov.cn/wjbxw_new/202405/t20240522_11309756.shtml,军工企业
外交部反制裁清单,2024-05-22,27,Raytheon/Lockheed Martin Javelin Joint Venture,雷神/洛马标枪合资企业,企业,参与对台军售,https://www.fmprc.gov.cn/wjbxw_new/202405/t20240522_11309756.shtml,军工企业
外交部反制裁清单,2024-05-22,27,Raytheon Missile Systems,雷神导弹系统,企业,参与对台军售,https://www.fmprc.gov.cn/wjbxw_new/202405/t20240522_11309756.shtml,军工企业
外交部反制裁清单,2024-05-22,27,General Dynamics Ordnance and Tactical Systems,通用动力军械与战术系统,企业,参与对台军售,https://www.fmprc.gov.cn/wjbxw_new/202405/t20240522_11309756.shtml,军工企业
外交部反制裁清单,2024-05-22,27,General Dynamics Information Technology,通用动力信息技术,企业,参与对台军售,https://www.fmprc.gov.cn/wjbxw_new/202405/t20240522_11309756.shtml,军工企业
外交部反制裁清单,2024-05-22,27,General Dynamics Mission Systems,通用动力任务系统,企业,参与对台军售,https://www.fmprc.gov.cn/wjbxw_new/202405/t20240522_11309756.shtml,军工企业
外交部反制裁清单,2024-05-22,27,Inter-Coastal Electronics,海岸间电子公司,企业,参与对台军售,https://www.fmprc.gov.cn/wjbxw_new/202405/t20240522_11309756.shtml,军工企业
外交部反制裁清单,2024-05-22,27,System Studies & Simulation,系统研究与仿真公司,企业,参与对台军售,https://www.fmprc.gov.cn/wjbxw_new/202405/t20240522_11309756.shtml,军工企业
外交部反制裁清单,2024-05-22,27,IronMountain Solutions,铁山解决方案公司,企业,参与对台军售,https://www.fmprc.gov.cn/wjbxw_new/202405/t20240522_11309756.shtml,军工企业
外交部反制裁清单,2024-05-22,27,Applied Technologies Group,应用技术集团,企业,参与对台军售,https://www.fmprc.gov.cn/wjbxw_new/202405/t20240522_11309756.shtml,军工企业
外交部反制裁清单,2024-05-22,27,Axient,阿西恩特公司,企业,参与对台军售,https://www.fmprc.gov.cn/wjbxw_new/202405/t20240522_11309756.shtml,军工企业
外交部反制裁清单,2024-05-22,27,Kathy Warden,待查,个人,参与对台军售,https://www.fmprc.gov.cn/wjbxw_new/202405/t20240522_11309756.shtml,诺格CEO
外交部反制裁清单,2024-05-22,27,Matthew Bromberg,待查,个人,参与对台军售,https://www.fmprc.gov.cn/wjbxw_new/202405/t20240522_11309756.shtml,诺格副总裁
外交部反制裁清单,2024-05-22,27,Benjamin R. Davies,待查,个人,参与对台军售,https://www.fmprc.gov.cn/wjbxw_new/202405/t20240522_11309756.shtml,诺格副总裁
外交部反制裁清单,2024-05-22,27,Thomas H. Jones,待查,个人,参与对台军售,https://www.fmprc.gov.cn/wjbxw_new/202405/t20240522_11309756.shtml,诺格副总裁
外交部反制裁清单,2024-05-22,27,Stephen O'Bryan,待查,个人,参与对台军售,https://www.fmprc.gov.cn/wjbxw_new/202405/t20240522_11309756.shtml,诺格副总裁
外交部反制裁清单,2024-05-22,27,Roshan Roeder,待查,个人,参与对台军售,https://www.fmprc.gov.cn/wjbxw_new/202405/t20240522_11309756.shtml,诺格副总裁
外交部反制裁清单,2024-05-22,27,Firat H. Gezen,待查,个人,参与对台军售,https://www.fmprc.gov.cn/wjbxw_new/202405/t20240522_11309756.shtml,通用动力副总裁
外交部反制裁清单,2024-05-22,27,Jason W. Aiken,待查,个人,参与对台军售,https://www.fmprc.gov.cn/wjbxw_new/202405/t20240522_11309756.shtml,通用动力副总裁
外交部反制裁清单,2024-05-22,27,Amy Gilliland,待查,个人,参与对台军售,https://www.fmprc.gov.cn/wjbxw_new/202405/t20240522_11309756.shtml,通用动力副总裁
外交部反制裁清单,2024-05-22,27,Christopher J. Brady,待查,个人,参与对台军售,https://www.fmprc.gov.cn/wjbxw_new/202405/t20240522_11309756.shtml,通用动力副总裁
外交部反制裁清单,2024-06-21,28,Lockheed Martin Missile Systems Integration Laboratory,洛马导弹系统集成实验室,企业,参与对台军售,https://www.fmprc.gov.cn/web/wjb_673085/zfxxgk_674865/gknrlb/fzcqdcs/202406/t20240621_11439508.shtml,军工企业
外交部反制裁清单,2024-06-21,28,Lockheed Martin Advanced Technology Laboratories,洛马先进技术实验室,企业,参与对台军售,https://www.fmprc.gov.cn/web/wjb_673085/zfxxgk_674865/gknrlb/fzcqdcs/202406/t20240621_11439508.shtml,军工企业
外交部反制裁清单,2024-06-21,28,Lockheed Martin Ventures,洛马风险投资,企业,参与对台军售,https://www.fmprc.gov.cn/web/wjb_673085/zfxxgk_674865/gknrlb/fzcqdcs/202406/t20240621_11439508.shtml,军工企业
外交部反制裁清单,2024-06-21,28,James D. Taiclet,待查,个人,参与对台军售,https://www.fmprc.gov.cn/web/wjb_673085/zfxxgk_674865/gknrlb/fzcqdcs/202406/t20240621_11439508.shtml,洛马CEO
外交部反制裁清单,2024-06-21,28,Frank Andrew St. John,待查,个人,参与对台军售,https://www.fmprc.gov.cn/web/wjb_673085/zfxxgk_674865/gknrlb/fzcqdcs/202406/t20240621_11439508.shtml,洛马COO
外交部反制裁清单,2024-06-21,28,Jesus Malave,待查,个人,参与对台军售,https://www.fmprc.gov.cn/web/wjb_673085/zfxxgk_674865/gknrlb/fzcqdcs/202406/t20240621_11439508.shtml,洛马CFO
外交部反制裁清单,2024-07-12,29,Anduril Industries,安杜里尔工业,企业,参与对台军售,https://www.fmprc.gov.cn/wjbxw_new/202407/t20240712_11453049.shtml,军工企业
外交部反制裁清单,2024-07-12,29,Maritime Tactical Systems,海上战术系统公司,企业,参与对台军售,https://www.fmprc.gov.cn/wjbxw_new/202407/t20240712_11453049.shtml,军工企业
外交部反制裁清单,2024-07-12,29,Pacific Rim Defense,太平洋防务公司,企业,参与对台军售,https://www.fmprc.gov.cn/wjbxw_new/202407/t20240712_11453049.shtml,军工企业
外交部反制裁清单,2024-07-12,29,Aevex Aerospace,艾维克斯航空,企业,参与对台军售,https://www.fmprc.gov.cn/wjbxw_new/202407/t20240712_11453049.shtml,军工企业
外交部反制裁清单,2024-07-12,29,LKD Aerospace,LKD航空,企业,参与对台军售,https://www.fmprc.gov.cn/wjbxw_new/202407/t20240712_11453049.shtml,军工企业
外交部反制裁清单,2024-07-12,29,Summit Technologies Inc.,峰顶技术公司,企业,参与对台军售,https://www.fmprc.gov.cn/wjbxw_new/202407/t20240712_11453049.shtml,军工企业
外交部反制裁清单,2024-07-12,29,Wahid Nawabi,待查,个人,参与对台军售,https://www.fmprc.gov.cn/wjbxw_new/202407/t20240712_11453049.shtml,航境无人机CEO
外交部反制裁清单,2024-07-12,29,Kevin McDonnell,待查,个人,参与对台军售,https://www.fmprc.gov.cn/wjbxw_new/202407/t20240712_11453049.shtml,安杜里尔CFO
外交部反制裁清单,2024-07-12,29,Brian William Schimpf,待查,个人,参与对台军售,https://www.fmprc.gov.cn/wjbxw_new/202407/t20240712_11453049.shtml,安杜里尔CEO
外交部反制裁清单,2024-07-12,29,Matthew Marley Grimm,待查,个人,参与对台军售,https://www.fmprc.gov.cn/wjbxw_new/202407/t20240712_11453049.shtml,安杜里尔COO
外交部反制裁清单,2024-07-12,29,Gregory Michael Kausner,待查,个人,参与对台军售,https://www.fmprc.gov.cn/wjbxw_new/202407/t20240712_11453049.shtml,安杜里尔副总裁
外交部反制裁清单,2024-08-01,30,Jim McGovern,麦戈文,个人,涉台问题上表现恶劣,https://www.fmprc.gov.cn/wjb_673085/zfxxgk_674865/gknrlb/fzcqdcs/202407/t20240731_11463924.shtml,美国众议员
外交部反制裁清单,2024-09-18,31,Sierra Nevada Corporation,内华达山脉公司,企业,参与对台军售,https://www.fmprc.gov.cn/wjbxw_new/202409/t20240918_11492303.shtml,军工企业
外交部反制裁清单,2024-09-18,31,Stick Rudder Enterprises LLC,待查,企业,参与对台军售,https://www.fmprc.gov.cn/wjbxw_new/202409/t20240918_11492303.shtml,军工企业
外交部反制裁清单,2024-09-18,31,Cubic Corporation,库比克公司,企业,参与对台军售,https://www.fmprc.gov.cn/wjbxw_new/202409/t20240918_11492303.shtml,军工企业
外交部反制裁清单,2024-09-18,31,S3 AeroDefense,S3航空防务,企业,参与对台军售,https://www.fmprc.gov.cn/wjbxw_new/202409/t20240918_11492303.shtml,军工企业
外交部反制裁清单,2024-09-18,31,"TCOM, Limited Partnership",TCOM有限合伙,企业,参与对台军售,https://www.fmprc.gov.cn/wjbxw_new/202409/t20240918_11492303.shtml,军工企业
外交部反制裁清单,2024-09-18,31,TextOre,待查,企业,参与对台军售,https://www.fmprc.gov.cn/wjbxw_new/202409/t20240918_11492303.shtml,军工企业
外交部反制裁清单,2024-09-18,31,Planate Management Group,待查,企业,参与对台军售,https://www.fmprc.gov.cn/wjbxw_new/202409/t20240918_11492303.shtml,军工企业
外交部反制裁清单,2024-09-18,31,ACT1 Federal,待查,企业,参与对台军售,https://www.fmprc.gov.cn/wjbxw_new/202409/t20240918_11492303.shtml,军工企业
外交部反制裁清单,2024-09-18,31,Exovera,待查,企业,参与对台军售,https://www.fmprc.gov.cn/wjbxw_new/202409/t20240918_11492303.shtml,军工企业
外交部反制裁清单,2024-10-10,32,Edge Autonomy Operations LLC,待查,企业,参与对台军售,https://www.fmprc.gov.cn/eng/xw/wjbxw/202410/t20241011_11505419.html,军工企业
外交部反制裁清单,2024-10-10,32,Huntington Ingalls Industries Inc.,亨廷顿·英格尔斯工业,企业,参与对台军售,https://www.fmprc.gov.cn/eng/xw/wjbxw/202410/t20241011_11505419.html,军工企业
外交部反制裁清单,2024-10-10,32,Skydio Inc.,Skydio公司,企业,参与对台军售,https://www.fmprc.gov.cn/eng/xw/wjbxw/202410/t20241011_11505419.html,军工企业
外交部反制裁清单,2024-10-10,32,Steven R. Rudder,待查,个人,参与对台军售,https://www.fmprc.gov.cn/eng/xw/wjbxw/202410/t20241011_11505419.html,军工企业创始人
外交部反制裁清单,2024-10-10,32,James William Ickes II,待查,个人,参与对台军售,https://www.fmprc.gov.cn/eng/xw/wjbxw/202410/t20241011_11505419.html,内华达山脉副总裁
外交部反制裁清单,2024-10-10,32,David Keith Sutton,待查,个人,参与对台军售,https://www.fmprc.gov.cn/eng/xw/wjbxw/202410/t20241011_11505419.html,洛马亚洲总监
外交部反制裁清单,2024-10-10,32,Yeong-Tae Pak,待查,个人,参与对台军售,https://www.fmprc.gov.cn/eng/xw/wjbxw/202410/t20241011_11505419.html,航境环境副总裁
外交部反制裁清单,2024-10-10,32,Patrick Edward Jankowski,待查,个人,参与对台军售,https://www.fmprc.gov.cn/eng/xw/wjbxw/202410/t20241011_11505419.html,诺格印太项目主任
外交部反制裁清单,2024-10-10,32,John Purvis,待查,个人,参与对台军售,https://www.fmprc.gov.cn/eng/xw/wjbxw/202410/t20241011_11505419.html,Edge前CEO
外交部反制裁清单,2024-10-10,32,Josh Brungardt,待查,个人,参与对台军售,https://www.fmprc.gov.cn/eng/xw/wjbxw/202410/t20241011_11505419.html,Edge COO
外交部反制裁清单,2024-10-10,32,Christopher Douglas Kastner,待查,个人,参与对台军售,https://www.fmprc.gov.cn/eng/xw/wjbxw/202410/t20241011_11505419.html,亨廷顿英格CEO
外交部反制裁清单,2024-10-10,32,Adam Bry,待查,个人,参与对台军售,https://www.fmprc.gov.cn/eng/xw/wjbxw/202410/t20241011_11505419.html,Skydio联合创始人
外交部反制裁清单,2024-10-10,32,Tom Moss,待查,个人,参与对台军售,https://www.fmprc.gov.cn/eng/xw/wjbxw/202410/t20241011_11505419.html,Skydio亚太总经理
外交部反制裁清单,2024-12-05,33,Teledyne Brown Engineering Inc.,待查,企业,参与对台军售,https://www.fmprc.gov.cn/gjhdq_676201/gj_676203/bmz_679954/1206_680528/xgxw_680534/202412/t20241205_11538936.shtml,军工企业
外交部反制裁清单,2024-12-05,33,BRINC Drones Inc.,待查,企业,参与对台军售,https://www.fmprc.gov.cn/gjhdq_676201/gj_676203/bmz_679954/1206_680528/xgxw_680534/202412/t20241205_11538936.shtml,军工企业
外交部反制裁清单,2024-12-05,33,Rapid Flight LLC,待查,企业,参与对台军售,https://www.fmprc.gov.cn/gjhdq_676201/gj_676203/bmz_679954/1206_680528/xgxw_680534/202412/t20241205_11538936.shtml,军工企业
外交部反制裁清单,2024-12-05,33,Red Six Solutions,待查,企业,参与对台军售,https://www.fmprc.gov.cn/gjhdq_676201/gj_676203/bmz_679954/1206_680528/xgxw_680534/202412/t20241205_11538936.shtml,军工企业
外交部反制裁清单,2024-12-05,33,Shield AI Inc.,盾牌AI公司,企业,参与对台军售,https://www.fmprc.gov.cn/gjhdq_676201/gj_676203/bmz_679954/1206_680528/xgxw_680534/202412/t20241205_11538936.shtml,军工企业
外交部反制裁清单,2024-12-05,33,SYNEXXUS Inc.,待查,企业,参与对台军售,https://www.fmprc.gov.cn/gjhdq_676201/gj_676203/bmz_679954/1206_680528/xgxw_680534/202412/t20241205_11538936.shtml,军工企业
外交部反制裁清单,2024-12-05,33,Firestorm Labs Inc.,待查,企业,参与对台军售,https://www.fmprc.gov.cn/gjhdq_676201/gj_676203/bmz_679954/1206_680528/xgxw_680534/202412/t20241205_11538936.shtml,军工企业
外交部反制裁清单,2024-12-05,33,Kratos Unmanned Aerial Systems Inc.,克拉托斯无人机系统,企业,参与对台军售,https://www.fmprc.gov.cn/gjhdq_676201/gj_676203/bmz_679954/1206_680528/xgxw_680534/202412/t20241205_11538936.shtml,军工企业
外交部反制裁清单,2024-12-05,33,HavocAI,待查,企业,参与对台军售,https://www.fmprc.gov.cn/gjhdq_676201/gj_676203/bmz_679954/1206_680528/xgxw_680534/202412/t20241205_11538936.shtml,军工企业
外交部反制裁清单,2024-12-05,33,Neros Technologies,待查,企业,参与对台军售,https://www.fmprc.gov.cn/gjhdq_676201/gj_676203/bmz_679954/1206_680528/xgxw_680534/202412/t20241205_11538936.shtml,军工企业
外交部反制裁清单,2024-12-05,33,Cyberlux Corporation,待查,企业,参与对台军售,https://www.fmprc.gov.cn/gjhdq_676201/gj_676203/bmz_679954/1206_680528/xgxw_680534/202412/t20241205_11538936.shtml,军工企业
外交部反制裁清单,2024-12-05,33,Domo Tactical Communications,待查,企业,参与对台军售,https://www.fmprc.gov.cn/gjhdq_676201/gj_676203/bmz_679954/1206_680528/xgxw_680534/202412/t20241205_11538936.shtml,军工企业
外交部反制裁清单,2024-12-05,33,Group W,待查,企业,参与对台军售,https://www.fmprc.gov.cn/gjhdq_676201/gj_676203/bmz_679954/1206_680528/xgxw_680534/202412/t20241205_11538936.shtml,军工企业
外交部反制裁清单,2024-12-05,33,Barbara Borgonovi,待查,个人,参与对台军售,https://www.fmprc.gov.cn/gjhdq_676201/gj_676203/bmz_679954/1206_680528/xgxw_680534/202412/t20241205_11538936.shtml,雷神海军部门总裁
外交部反制裁清单,2024-12-05,33,Gerard Hueber,待查,个人,参与对台军售,https://www.fmprc.gov.cn/gjhdq_676201/gj_676203/bmz_679954/1206_680528/xgxw_680534/202412/t20241205_11538936.shtml,雷神海军部门副总
外交部反制裁清单,2024-12-05,33,Richard D. Crawford,待查,个人,参与对台军售,https://www.fmprc.gov.cn/gjhdq_676201/gj_676203/bmz_679954/1206_680528/xgxw_680534/202412/t20241205_11538936.shtml,UTC创始人/CEO
外交部反制裁清单,2024-12-05,33,Beth Edler,待查,个人,参与对台军售,https://www.fmprc.gov.cn/gjhdq_676201/gj_676203/bmz_679954/1206_680528/xgxw_680534/202412/t20241205_11538936.shtml,数据链公司总裁
外交部反制裁清单,2024-12-05,33,Blake Resnick,待查,个人,参与对台军售,https://www.fmprc.gov.cn/gjhdq_676201/gj_676203/bmz_679954/1206_680528/xgxw_680534/202412/t20241205_11538936.shtml,BRINC无人机CEO
外交部反制裁清单,2024-12-05,33,Charles Woodburn,待查,个人,参与对台军售,https://www.fmprc.gov.cn/gjhdq_676201/gj_676203/bmz_679954/1206_680528/xgxw_680534/202412/t20241205_11538936.shtml,BAE Systems CEO
外交部反制裁清单,2024-12-21,34,Uyghur Rights Advocacy Project,维吾尔权利倡导项目,组织,涉疆涉藏问题上表现恶劣,https://www.fmprc.gov.cn/wjbxw_new/202412/t20241222_11514801.shtml,加拿大NGO
外交部反制裁清单,2024-12-21,34,Canada-Tibet Committee,加拿大西藏委员会,组织,涉疆涉藏问题上表现恶劣,https://www.fmprc.gov.cn/wjbxw_new/202412/t20241222_11514801.shtml,加拿大NGO
外交部反制裁清单,2024-12-21,34,Mehmet Tohti,待查,个人,涉疆涉藏问题上表现恶劣,https://www.fmprc.gov.cn/wjbxw_new/202412/t20241222_11514801.shtml,URAP执行主任
外交部反制裁清单,2024-12-21,34,Jasmine Kainth,待查,个人,涉疆涉藏问题上表现恶劣,https://www.fmprc.gov.cn/wjbxw_new/202412/t20241222_11514801.shtml,URAP政策主管
外交部反制裁清单,2024-12-21,34,David Matas,待查,个人,涉疆涉藏问题上表现恶劣,https://www.fmprc.gov.cn/wjbxw_new/202412/t20241222_11514801.shtml,加拿大人权律师
外交部反制裁清单,2024-12-21,34,Sarah Teich,待查,个人,涉疆涉藏问题上表现恶劣,https://www.fmprc.gov.cn/wjbxw_new/202412/t20241222_11514801.shtml,涉疆涉藏人权人士
外交部反制裁清单,2024-12-21,34,John Packer,待查,个人,涉疆涉藏问题上表现恶劣,https://www.fmprc.gov.cn/wjbxw_new/202412/t20241222_11514801.shtml,涉疆涉藏人权人士
外交部反制裁清单,2024-12-21,34,Clive Ansley,待查,个人,涉疆涉藏问题上表现恶劣,https://www.fmprc.gov.cn/wjbxw_new/202412/t20241222_11514801.shtml,涉疆涉藏人权人士
外交部反制裁清单,2024-12-21,34,Yonah Diamond,待查,个人,涉疆涉藏问题上表现恶劣,https://www.fmprc.gov.cn/wjbxw_new/202412/t20241222_11514801.shtml,涉疆涉藏人权人士
外交部反制裁清单,2024-12-21,34,Justine Bernatchez,待查,个人,涉疆涉藏问题上表现恶劣,https://www.fmprc.gov.cn/wjbxw_new/202412/t20241222_11514801.shtml,涉疆涉藏人权人士
外交部反制裁清单,2024-12-21,34,Linden Dales,待查,个人,涉疆涉藏问题上表现恶劣,https://www.fmprc.gov.cn/wjbxw_new/202412/t20241222_11514801.shtml,涉疆涉藏人权人士
外交部反制裁清单,2024-12-21,34,Charles Burton,待查,个人,涉疆涉藏问题上表现恶劣,https://www.fmprc.gov.cn/wjbxw_new/202412/t20241222_11514801.shtml,URAP政策顾问
外交部反制裁清单,2024-12-21,34,Margarett Mccuaig Johnston,待查,个人,涉疆涉藏问题上表现恶劣,https://www.fmprc.gov.cn/wjbxw_new/202412/t20241222_11514801.shtml,涉疆涉藏人权人士
外交部反制裁清单,2024-12-21,34,Marcus Kolga,待查,个人,涉疆涉藏问题上表现恶劣,https://www.fmprc.gov.cn/wjbxw_new/202412/t20241222_11514801.shtml,涉疆涉藏人权人士
外交部反制裁清单,2024-12-21,34,Scott Simon,待查,个人,涉疆涉藏问题上表现恶劣,https://www.fmprc.gov.cn/wjbxw_new/202412/t20241222_11514801.shtml,涉疆涉藏人权人士
外交部反制裁清单,2024-12-21,34,Conor Healy,待查,个人,涉疆涉藏问题上表现恶劣,https://www.fmprc.gov.cn/wjbxw_new/202412/t20241222_11514801.shtml,URAP研究顾问
外交部反制裁清单,2024-12-21,34,Geoffrey Aharon,待查,个人,涉疆涉藏问题上表现恶劣,https://www.fmprc.gov.cn/wjbxw_new/202412/t20241222_11514801.shtml,涉疆涉藏人权人士
外交部反制裁清单,2024-12-21,34,Samphe Lhalungpa,待查,个人,涉疆涉藏问题上表现恶劣,https://www.fmprc.gov.cn/wjbxw_new/202412/t20241222_11514801.shtml,加藏委员会主席
外交部反制裁清单,2024-12-21,34,Luisa Durante,待查,个人,涉疆涉藏问题上表现恶劣,https://www.fmprc.gov.cn/wjbxw_new/202412/t20241222_11514801.shtml,加藏委员会副主席
外交部反制裁清单,2024-12-21,34,Sherap Therchin,待查,个人,涉疆涉藏问题上表现恶劣,https://www.fmprc.gov.cn/wjbxw_new/202412/t20241222_11514801.shtml,加藏委员会主任
外交部反制裁清单,2024-12-21,34,Eliza von Baeyer,待查,个人,涉疆涉藏问题上表现恶劣,https://www.fmprc.gov.cn/wjbxw_new/202412/t20241222_11514801.shtml,加藏委员会理事
外交部反制裁清单,2024-12-21,34,Youngdoung Tenzin,待查,个人,涉疆涉藏问题上表现恶劣,https://www.fmprc.gov.cn/wjbxw_new/202412/t20241222_11514801.shtml,藏人社区活动人士
外交部反制裁清单,2024-12-27,35,"Insitu, Inc.",待查,企业,参与对台军售,https://www.fmprc.gov.cn/wjbxw_new/202412/t20241227_11520050.shtml,军工企业
外交部反制裁清单,2024-12-27,35,Hudson Technologies Co.,待查,企业,参与对台军售,https://www.fmprc.gov.cn/wjbxw_new/202412/t20241227_11520050.shtml,军工企业
外交部反制裁清单,2024-12-27,35,"Saronic Technologies, Inc.",待查,企业,参与对台军售,https://www.fmprc.gov.cn/wjbxw_new/202412/t20241227_11520050.shtml,军工企业
外交部反制裁清单,2024-12-27,35,Raytheon Canada,雷神加拿大,企业,参与对台军售,https://www.fmprc.gov.cn/wjbxw_new/202412/t20241227_11520050.shtml,军工企业
外交部反制裁清单,2024-12-27,35,Raytheon Australia,雷神澳大利亚,企业,参与对台军售,https://www.fmprc.gov.cn/wjbxw_new/202412/t20241227_11520050.shtml,军工企业
外交部反制裁清单,2024-12-27,35,Aerkomm Inc.,待查,企业,参与对台军售,https://www.fmprc.gov.cn/wjbxw_new/202412/t20241227_11520050.shtml,军工企业
外交部反制裁清单,2024-12-27,35,"Oceaneering International, Inc.",海洋工程国际公司,企业,参与对台军售,https://www.fmprc.gov.cn/wjbxw_new/202412/t20241227_11520050.shtml,军工企业
外交部反制裁清单,2025-01-09,36,Ivan Meyer,待查,个人,涉南非内政,https://www.fmprc.gov.cn/eng/xw/fyrbt/lxjzh/202501/t20250109_11529980.html,南非政党联邦主席
外交部反制裁清单,2025-07-01,37,Francis Tolentino,待查,个人,涉南海问题上表现恶劣,https://www.fmprc.gov.cn/fyrbt_673021/dhdw_673027/202507/t20250701_11662098.shtml,菲律宾前参议员
外交部反制裁清单,2025-09-08,38,Hei Seki,石平,个人,散布涉华谬论,https://www.fmprc.gov.cn/web/wjb_673085/zfxxgk_674865/gknrlb/fzcqdcs/202509/t20250908_11704050.shtml,旅日华裔评论家
外交部反制裁清单,2025-12-15,39,Shigeru Iwasaki,岩崎茂,个人,"勾连""台独""分裂势力",https://www.fmprc.gov.cn/web/wjbxw_new/202512/t20251215_11772517.shtml,日本前统合幕僚长
外交部反制裁清单,2025-12-26,40,Northrop Grumman Systems Corporation,诺格系统公司,企业,参与对台军售,https://www.fmprc.gov.cn/fyrbt_673021/dhdw_673027/202512/t20251226_11787886.shtml,军工企业
外交部反制裁清单,2025-12-26,40,L3Harris Maritime Services,L3哈里斯海事服务,企业,参与对台军售,https://www.fmprc.gov.cn/fyrbt_673021/dhdw_673027/202512/t20251226_11787886.shtml,军工企业
外交部反制裁清单,2025-12-26,40,Boeing in St. Louis,波音圣路易斯,企业,参与对台军售,https://www.fmprc.gov.cn/fyrbt_673021/dhdw_673027/202512/t20251226_11787886.shtml,军工企业
外交部反制裁清单,2025-12-26,40,"Gibbs & Cox, Inc.",待查,企业,参与对台军售,https://www.fmprc.gov.cn/fyrbt_673021/dhdw_673027/202512/t20251226_11787886.shtml,军工企业
外交部反制裁清单,2025-12-26,40,Advanced Acoustic Concepts,先进声学概念公司,企业,参与对台军售,https://www.fmprc.gov.cn/fyrbt_673021/dhdw_673027/202512/t20251226_11787886.shtml,军工企业
外交部反制裁清单,2025-12-26,40,VSE Corporation,VSE公司,企业,参与对台军售,https://www.fmprc.gov.cn/fyrbt_673021/dhdw_673027/202512/t20251226_11787886.shtml,军工企业
外交部反制裁清单,2025-12-26,40,"Sierra Technical Services, Inc.",待查,企业,参与对台军售,https://www.fmprc.gov.cn/fyrbt_673021/dhdw_673027/202512/t20251226_11787886.shtml,军工企业
外交部反制裁清单,2025-12-26,40,"Red Cat Holdings, Inc.",红猫控股,企业,参与对台军售,https://www.fmprc.gov.cn/fyrbt_673021/dhdw_673027/202512/t20251226_11787886.shtml,军工企业
外交部反制裁清单,2025-12-26,40,"Teal Drones, Inc.",Teal无人机公司,企业,参与对台军售,https://www.fmprc.gov.cn/fyrbt_673021/dhdw_673027/202512/t20251226_11787886.shtml,军工企业
外交部反制裁清单,2025-12-26,40,ReconCraft,待查,企业,参与对台军售,https://www.fmprc.gov.cn/fyrbt_673021/dhdw_673027/202512/t20251226_11787886.shtml,军工企业
外交部反制裁清单,2025-12-26,40,High Point Aerotechnologies,待查,企业,参与对台军售,https://www.fmprc.gov.cn/fyrbt_673021/dhdw_673027/202512/t20251226_11787886.shtml,军工企业
外交部反制裁清单,2025-12-26,40,"Epirus, Inc.",待查,企业,参与对台军售,https://www.fmprc.gov.cn/fyrbt_673021/dhdw_673027/202512/t20251226_11787886.shtml,军工企业
外交部反制裁清单,2025-12-26,40,Dedrone Holdings Inc.,待查,企业,参与对台军售,https://www.fmprc.gov.cn/fyrbt_673021/dhdw_673027/202512/t20251226_11787886.shtml,军工企业
外交部反制裁清单,2025-12-26,40,Area-I,待查,企业,参与对台军售,https://www.fmprc.gov.cn/fyrbt_673021/dhdw_673027/202512/t20251226_11787886.shtml,军工企业
外交部反制裁清单,2025-12-26,40,Blue Force Technologies,待查,企业,参与对台军售,https://www.fmprc.gov.cn/fyrbt_673021/dhdw_673027/202512/t20251226_11787886.shtml,军工企业
外交部反制裁清单,2025-12-26,40,Dive Technologies,待查,企业,参与对台军售,https://www.fmprc.gov.cn/fyrbt_673021/dhdw_673027/202512/t20251226_11787886.shtml,军工企业
外交部反制裁清单,2025-12-26,40,Vantor,待查,企业,参与对台军售,https://www.fmprc.gov.cn/fyrbt_673021/dhdw_673027/202512/t20251226_11787886.shtml,军工企业
外交部反制裁清单,2025-12-26,40,"Intelligent Epitaxy Technology, Inc.",待查,企业,参与对台军售,https://www.fmprc.gov.cn/fyrbt_673021/dhdw_673027/202512/t20251226_11787886.shtml,军工企业
外交部反制裁清单,2025-12-26,40,Rhombus Power Inc.,待查,企业,参与对台军售,https://www.fmprc.gov.cn/fyrbt_673021/dhdw_673027/202512/t20251226_11787886.shtml,军工企业
外交部反制裁清单,2025-12-26,40,Lazarus Enterprises Inc.,待查,企业,参与对台军售,https://www.fmprc.gov.cn/fyrbt_673021/dhdw_673027/202512/t20251226_11787886.shtml,军工企业
外交部反制裁清单,2025-12-26,40,Palmer Luckey,帕尔默·拉基,个人,参与对台军售,https://www.fmprc.gov.cn/fyrbt_673021/dhdw_673027/202512/t20251226_11787886.shtml,安杜里尔创始人
外交部反制裁清单,2025-12-26,40,John Cantillon,待查,个人,参与对台军售,https://www.fmprc.gov.cn/fyrbt_673021/dhdw_673027/202512/t20251226_11787886.shtml,L3哈里斯副总裁
外交部反制裁清单,2025-12-26,40,Michael J. Carnovale,待查,个人,参与对台军售,https://www.fmprc.gov.cn/fyrbt_673021/dhdw_673027/202512/t20251226_11787886.shtml,先进声学CEO
外交部反制裁清单,2025-12-26,40,John A. Cuomo,待查,个人,参与对台军售,https://www.fmprc.gov.cn/fyrbt_673021/dhdw_673027/202512/t20251226_11787886.shtml,VSE公司CEO
外交部反制裁清单,2025-12-26,40,Mitch McDonald,待查,个人,参与对台军售,https://www.fmprc.gov.cn/fyrbt_673021/dhdw_673027/202512/t20251226_11787886.shtml,Teal无人机总裁
外交部反制裁清单,2025-12-26,40,Anshuman Roy,待查,个人,参与对台军售,https://www.fmprc.gov.cn/fyrbt_673021/dhdw_673027/202512/t20251226_11787886.shtml,菱形电力CEO
外交部反制裁清单,2025-12-26,40,Dan Smoot,待查,个人,参与对台军售,https://www.fmprc.gov.cn/fyrbt_673021/dhdw_673027/202512/t20251226_11787886.shtml,Vantor CEO
外交部反制裁清单,2025-12-26,40,Aaditya Devarakonda,待查,个人,参与对台军售,https://www.fmprc.gov.cn/fyrbt_673021/dhdw_673027/202512/t20251226_11787886.shtml,Dedrone CEO
外交部反制裁清单,2025-12-26,40,Ann Wood,待查,个人,参与对台军售,https://www.fmprc.gov.cn/fyrbt_673021/dhdw_673027/202512/t20251226_11787886.shtml,高点航空总裁
外交部反制裁清单,2025-12-26,40,Jay Hoflich,待查,个人,参与对台军售,https://www.fmprc.gov.cn/fyrbt_673021/dhdw_673027/202512/t20251226_11787886.shtml,ReconCraft联合创始人
外交部反制裁清单,2026-03-30,41,Keiji Furuya,古屋圭司,个人,涉台问题上表现恶劣,https://www.fmprc.gov.cn/wjbxw_new/202603/t20260330_11883241.shtml,日本众议员
